<chapter xmlns="http://docbook.org/ns/docbook" xmlns:xlink="http://www.w3.org/1999/xlink" xmlns:xi="http://www.w3.org/2001/XInclude" version="5.0" xml:lang="hu">
    <info>
        <title>Helló, Berners-Lee!</title>
        <keywordset>
            <keyword/>
        </keywordset>
    </info>

    <section>
        <title>C++ és Java összehasonlítás</title>
        <para>
        C++: Benedek Zoltán, Levendovszky Tihamér Szoftverfejlesztés C++ nyelven
        </para>
		<para>
        Java: Nyékyné Dr. Gaizler Judit et al. Java 2 útikalauz programozóknak 5.0 I-II
		</para>
        <para>
        </para>
    </section>        

    <section>
        <title>Python</title>
        <para>
        Python: Forstner Bertalan, Ekler Péter, Kelényi Imre: Bevezetés a mobilprogramozásba.
        Gyors prototípus-fejlesztés Python és Java nyelven (35-51 oldal), a kijelölt oldalakból élmény-olvasónapló
        </para>
		<para>
        </para>
        <para>
        </para>
        <para>
        </para>
        <para>
        </para>
        <para>
        </para>
    </section>  
</chapter>                
