<chapter xmlns="http://docbook.org/ns/docbook" xmlns:xlink="http://www.w3.org/1999/xlink" xmlns:xi="http://www.w3.org/2001/XInclude" version="5.0" xml:lang="hu">
    <info>
        <title>Helló, Schwarzenegger!</title>
        <keywordset>
            <keyword/>
        </keywordset>
    </info>

    <section>
        <title>Port scan</title>
        <para>
		Mutassunk rá ebben a port szkennelő forrásban a kivételkezelés szerepére!
https://www.tankonyvtar.hu/hu/tartalom/tkt/javat-tanitok-javat/ch01.html#id527287

        </para>
        <para>
            Megoldás videó:
        </para>
        <para>
            Megoldás forrása:                
        </para>
        <para>
            Tanulságok, tapasztalatok, magyarázat...
        </para>
    </section>        

   <section>
        <title>AOP</title>
        <para>
		Szőj bele egy átszövő vonatkozást az első védési programod Java átiratába! (Sztenderd védési
feladat volt korábban.)
        </para>
        <para>
            Megoldás videó:
        </para>
        <para>
            Megoldás forrása:                
        </para>
        <para>
            Tanulságok, tapasztalatok, magyarázat...
        </para>
    </section>        
	<section>
        <title>Android Játék</title>
        <para>
		Írjunk egy egyszerű Androidos „játékot”! Építkezzünk például a 2. hét „Helló, Android!” feladatára!
        </para>
        <para>
            Megoldás videó:
        </para>
        <para>
            Megoldás forrása:                
        </para>
        <para>
            Tanulságok, tapasztalatok, magyarázat...
        </para>
    </section>        
	<section>
        <title>Junit teszt</title>
        <para>
		A https://progpater.blog.hu/2011/03/05/labormeres_otthon_avagy_hogyan_dolgozok_fel_egy_pedat
poszt kézzel számított mélységét és szórását dolgozd be egy Junit tesztbe (sztenderd védési feladat
volt korábban).

        </para>
        <para>
            Megoldás videó:
        </para>
        <para>
            Megoldás forrása:                
        </para>
        <para>
            Tanulságok, tapasztalatok, magyarázat...
        </para>
    </section>        
	<section>
        <title>OSCI</title>
        <para>
		Készíts egyszerű C++/OpenGL-es megjelenítőt, amiben egy kocsit irányítasz az úton. A kocsi
állapotát minden pillanatban mentsd le. Ezeket add át egy Prolog programnak, ami egyszerű reflex
ágensként adjon vezérlést a kocsinak, hasonlítsd össze a kézi és a Prolog-os vezérlést. Módosítsd
úgy a programodat, hogy ne csak kézzel lehessen vezérelni a kocsit, hanem a Prolog reflex ágens
vezérelje!
        </para>
        <para>
            Megoldás videó:
        </para>
        <para>
            Megoldás forrása:                
        </para>
        <para>
            Tanulságok, tapasztalatok, magyarázat...
        </para>
    </section>        
        
                                                                                                                                                                                                                                                                                                                                                                                                                                                                                                                                                                                                                                                                                                                                                                                                                                                                                                                                                                                                                                                                        
</chapter>                
