<chapter xmlns="http://docbook.org/ns/docbook" xmlns:xlink="http://www.w3.org/1999/xlink" xmlns:xi="http://www.w3.org/2001/XInclude" version="5.0" xml:lang="hu">
    <info>
        <title>Helló, Stroustrup!</title>
        <keywordset>
            <keyword/>
        </keywordset>
    </info>

    <section>
        <title>JDK osztályok</title>
        <para>
		Írjunk olyan Boost C++ programot (indulj ki például a fénykardból) amely kilistázza a JDK összes
osztályát (miután kicsomagoltuk az src.zip állományt, arra ráengedve)!

        </para>
        <para>
            Megoldás videó:
        </para>
        <para>
            Megoldás forrása:                
        </para>
        <para>
            Tanulságok, tapasztalatok, magyarázat...
        </para>
    </section>        


    <section>
        <title>Másoló-mozgató szemantika</title>
        <para>
		Kódcsipeteken (copy és move ctor és assign) keresztül vesd össze a C++11 másoló és a mozgató
szemantikáját, a mozgató konstruktort alapozd a mozgató értékadásra!

        </para>
        <para>
            Megoldás videó:
        </para>
        <para>
            Megoldás forrása:                
        </para>
        <para>
            Tanulságok, tapasztalatok, magyarázat...
        </para>
    </section>        


    <section>
        <title>Hibásan implementált RSA törése</title>
        <para>
		Készítsünk betű gyakoriság alapú törést egy hibásan implementált RSA kódoló:
https://arato.inf.unideb.hu/batfai.norbert/UDPROG/deprecated/Prog2_3.pdf (71-73 fólia) által
készített titkos szövegen.
        </para>
        <para>
            Megoldás videó:
        </para>
        <para>
            Megoldás forrása:                
        </para>
        <para>
            Tanulságok, tapasztalatok, magyarázat...
        </para>
    </section>        


    <section>
        <title>Változó argumentumszámú ctor</title>
        <para>
		Készítsünk olyan példát, amely egy képet tesz az alábbi projekt Perceptron osztályának bemenetére
és a Perceptron ne egy értéket, hanem egy ugyanakkora méretű „képet” adjon vissza. (Lásd még a 4
hét/Perceptron osztály feladatot is.)
        </para>
        <para>
            Megoldás videó:
        </para>
        <para>
            Megoldás forrása:                
        </para>
        <para>
            Tanulságok, tapasztalatok, magyarázat...
        </para>
    </section>        


    <section>
        <title>Összefoglaló</title>
        <para>
		Az előző 4 feladat egyikéről írj egy 1 oldalas bemutató „”esszé szöveget!
        </para>
        <para>
            Megoldás videó:
        </para>
        <para>
            Megoldás forrása:                
        </para>
        <para>
            Tanulságok, tapasztalatok, magyarázat...
        </para>
    </section>        
   
        
                                                                                                                                                                                                                                                                                                                                                                                                                                                                                                                                                                                                                                                                                                                                                                                                                                                                                                                                                                                                                                                                        
</chapter>                
