<chapter xmlns="http://docbook.org/ns/docbook" xmlns:xlink="http://www.w3.org/1999/xlink" xmlns:xi="http://www.w3.org/2001/XInclude" version="5.0" xml:lang="hu">
    <info>
        <title>Helló, Gödel!</title>
        <keywordset>
            <keyword/>
        </keywordset>
    </info>

    <section>
        <title>Gengszterek</title>
        <para>
		Gengszterek rendezése lambdával a Robotautó Világbajnokságban
https://youtu.be/DL6iQwPx1Yw (8:05-től)

        </para>
        <para>
            Megoldás videó:
        </para>
        <para>
            Megoldás forrása:                
        </para>
        <para>
            Tanulságok, tapasztalatok, magyarázat...
        </para>
    </section>        
    <section>
        <title>C++11 Custom Allocator</title>
        <para>
		https://prezi.com/jvvbytkwgsxj/high-level-programming-languages-2-c11-allocators/ a
CustomAlloc-os példa, lásd C forrást az UDPROG repóban!

        </para>
        <para>
            Megoldás videó:
        </para>
        <para>
            Megoldás forrása:                
        </para>
        <para>
            Tanulságok, tapasztalatok, magyarázat...
        </para>
    </section>      
	    <section>
        <title>STL map érték szerinti rendezése</title>
        <para>
		Például: https://github.com/nbatfai/future/blob/master/cs/F9F2/fenykard.cpp#L180

        </para>
        <para>
            Megoldás videó:
        </para>
        <para>
            Megoldás forrása:                
        </para>
        <para>
            Tanulságok, tapasztalatok, magyarázat...
        </para>
    </section>      
	    <section>
        <title>Alternatív Tabella rendezése</title>
        <para>
		Mutassuk be a https://progpater.blog.hu/2011/03/11/alternativ_tabella a programban a java.lang
Interface Comparable T szerepét!
        </para>
        <para>
            Megoldás videó:
        </para>
        <para>
            Megoldás forrása:                
        </para>
        <para>
            Tanulságok, tapasztalatok, magyarázat...
        </para>
    </section>          
	<section>
        <title>Prolog családfa</title>
        <para>
		Ágyazd be a Prolog családfa programot C++ vagy Java programba! Lásd para_prog_guide.pdf!
        </para>
        <para>
            Megoldás videó:
        </para>
        <para>
            Megoldás forrása:                
        </para>
        <para>
            Tanulságok, tapasztalatok, magyarázat...
        </para>
    </section>      
	    <section>
        <title>GIMP Scheme hack</title>
        <para>
		Ha az előző félévben nem dolgoztad fel a témát (például a mandalás vagy a króm szöveges
dobozosat) akkor itt az alkalom!
        </para>
        <para>
            Megoldás videó:
        </para>
        <para>
            Megoldás forrása:                
        </para>
        <para>
            Tanulságok, tapasztalatok, magyarázat...
        </para>
    </section>      
                                                                                                                                                                                                                                                                                                                                                                                                                                                                                                                                                                                                                                                                                                                                                                                                                                                                                                                                                                                                                                                                        
</chapter>                
