<revhistory xmlns="http://docbook.org/ns/docbook" xmlns:xlink="http://www.w3.org/1999/xlink" xmlns:xi="http://www.w3.org/2001/XInclude" version="5.0" xml:lang="hu">
    <revision>
        <revnumber></revnumber>
        <date></date>
        <authorinitials></authorinitials>
        <revremark>
        </revremark>
    </revision>
    <revision>
        <revnumber></revnumber>
        <date></date>
        <authorinitials></authorinitials>
        <revremark>
        </revremark>
    </revision>    
    <revision>
        <revnumber></revnumber>
        <date></date>
        <authorinitials></authorinitials>
        <revremark>
        </revremark>
    </revision>   
</revhistory>
